Model,Accuracy,AUC,Precision,Recall,F1,MCC
Logistic Regression,0.9849514563106796,0.9995761421846477,0.9857567696009383,0.9859215815934007,0.9858234433011014,0.9819050835351859
Decision Tree,0.9383495145631068,0.9620360014943931,0.9372819770384188,0.9363781434183251,0.936707398099002,0.925865817779457
KNN,0.9635922330097088,0.9961688125748686,0.9658310914355157,0.9650510268498581,0.9653729707566079,0.9562258755947094
Naive Bayes,0.7548543689320388,0.9621149779185418,0.7812611423837782,0.7586608835130684,0.7489124503310801,0.7151044664513407
Random Forest,0.9815533980582525,0.9994264908823336,0.9817243699081466,0.9814114770676898,0.981527386893884,0.9778216956183543
XGBoost,0.9922330097087378,0.9998779465440443,0.9924134522888681,0.9925975014170182,0.9924991621752951,0.9906597219688122
